{
  "project_info": {
    "project_number": "912595320201",
    "firebase_url": "https://lightbulb-eaabd.firebaseio.com",
    "project_id": "lightbulb-eaabd",
    "storage_bucket": "lightbulb-eaabd.appspot.com"
  },
  "client": [
    {
      "client_info": {
        "mobilesdk_app_id": "1:912595320201:android:0ebba923d33b981119f558",
        "android_client_info": {
          "package_name": "com.example.lightbulb"
        }
      },
      "oauth_client": [
        {
          "client_id": "912595320201-tp5lptbc79lunb14i9fefnrm4jkcnl1d.apps.googleusercontent.com",
          "client_type": 3
        }
      ],
      "api_key": [
        {
          "current_key": "AIzaSyCMZrKS0tN5FooJQcV2c0jnKdc_VDTAdU0"
        }
      ],
      "services": {
        "appinvite_service": {
          "other_platform_oauth_client": [
            {
              "client_id": "912595320201-tp5lptbc79lunb14i9fefnrm4jkcnl1d.apps.googleusercontent.com",
              "client_type": 3
            }
          ]
        }
      }
    }
  ],
  "configuration_version": "1"
}